{"cameraMode":{"drawMode":0,"name":"Shaded","section":"Shading Mode"},"sceneLighting":false,"audioPlay":false,"sceneViewState":{"showFog":true,"showMaterialUpdate":false,"showSkybox":false,"showFlares":true,"showImageEffects":true,"showParticleSystems":true},"in2DMode":false,"pivot":{"x":0.2669999897480011,"y":1.347000002861023,"z":1.2929999828338624},"rotation":{"x":0.3593372702598572,"y":-0.4796489477157593,"z":0.22430084645748139,"w":0.7684752941131592},"size":0.34387314319610598,"orthographic":false}