{"cameraMode":{"drawMode":1,"name":"Wireframe","section":"Shading Mode"},"sceneLighting":true,"audioPlay":false,"sceneViewState":{"showFog":true,"showMaterialUpdate":false,"showSkybox":true,"showFlares":true,"showImageEffects":true,"showParticleSystems":true},"in2DMode":false,"pivot":{"x":1.6748101711273194,"y":0.8897843360900879,"z":24.980886459350587},"rotation":{"x":-0.07788247615098953,"y":-0.21306151151657105,"z":0.017040221020579339,"w":-0.9737848043441773},"size":22.0,"orthographic":false}